{
  "bank_account_name": {
    "answer": "Ben Family trust",
    "score": 0.998370885848999,
    "page": 4
  },
  "bank_account_number": {
    "answer": "90123456",
    "score": 0.9984781742095947,
    "page": 14
  },
  "bank_sort_code": {
    "answer": "01-23-45",
    "score": 0.9991060495376587,
    "page": 14
  },
  "bank_name": {
    "answer": "Lloyds",
    "score": 0.9997404217720032,
    "page": 14
  },
  "commitment_amount": {
    "answer": "EURO 10,000,000.",
    "score": 0.7481074929237366,
    "page": 12
  },
  "commitment_currency": {
    "answer": "EURO 10,000,000.",
    "score": 0.9975726008415222,
    "page": 12
  },
  "investor_email": {
    "answer": "ava.henderson@email.com",
    "score": 0.9954270124435425,
    "page": 14
  }
}